"[0, 0, 0, 0, 0, 0, 0, 0, 0, 1, 0, 0, 0, 0, 1, 1, 0, 0, 0, 0, -1, 1, 0, 0, 0, 0, 0, 0, 0, 0, 0, 0, 0, 0, 0, 0]",22,54,0.020830392837524414,3,-1
"[0, 0, 0, 0, 0, 0, 0, 0, 0, 1, 0, 0, 0, 0, 1, 1, 0, 0, 0, 0, -1, -1, 1, 0, 0, 0, 0, 0, 0, 1, 0, 0, 0, 0, 0, 0]",3,65,0.0250852108001709,3,-1
"[0, 0, 0, -1, 0, 0, 0, 0, 0, -1, 0, 0, 0, 0, 1, -1, 0, 0, 0, 1, 1, 1, 1, 0, 0, 0, 0, 0, 0, 1, 0, 0, 0, 0, 0, 0]",24,84,0.036675214767456055,3,-1
"[0, 0, 0, -1, 0, 0, 0, 0, 1, -1, 0, 0, 0, 0, 1, 1, 0, 0, 0, -1, 1, 1, 1, 0, -1, 0, 0, 0, 0, 1, 0, 0, 0, 0, 0, 0]",23,80,0.038687705993652344,3,-1
"[0, 0, 0, -1, 0, 0, 0, 0, 1, -1, 0, 0, 0, 0, 1, 1, 0, 1, 0, -1, -1, -1, -1, 1, -1, 0, 0, 0, 0, 1, 0, 0, 0, 0, 0, 0]",1,95,0.050096750259399414,3,-1
"[0, -1, 1, -1, 0, 0, 0, 0, 1, -1, 0, 0, 0, 0, 1, -1, 0, 1, 0, -1, -1, -1, -1, 1, -1, 0, 0, 0, 0, 1, 0, 0, 0, 0, 0, 0]",,4,0.0029761791229248047,3,-1
"[0, 0, 0, 0, 0, 0, 0, 0, 0, 1, 0, 0, 0, 0, 1, 1, 0, 0, 0, 0, -1, 1, 0, 0, 0, 0, 0, 0, 0, 0, 0, 0, 0, 0, 0, 0]",22,54,0.02876734733581543,3,-1
"[0, 0, 0, 0, 0, 0, 0, 0, 0, 1, 0, 0, 0, 0, 1, 1, 0, 0, 0, 0, -1, -1, 1, 0, 0, 0, 0, 0, 0, 1, 0, 0, 0, 0, 0, 0]",3,65,0.030254840850830078,3,-1
"[0, 0, 0, -1, 0, 0, 0, 0, 0, -1, 0, 0, 0, 0, 1, -1, 0, 0, 0, 1, 1, 1, 1, 0, 0, 0, 0, 0, 0, 1, 0, 0, 0, 0, 0, 0]",24,84,0.043134450912475586,3,-1
"[0, 0, 0, -1, 0, 0, 0, 0, 1, -1, 0, 0, 0, 0, 1, 1, 0, 0, 0, -1, 1, 1, 1, 0, -1, 0, 0, 0, 0, 1, 0, 0, 0, 0, 0, 0]",23,80,0.04563283920288086,3,-1
"[0, 0, 0, -1, 0, 0, 0, 0, 1, -1, 0, 0, 0, 0, 1, 1, 0, 1, 0, -1, -1, -1, -1, 1, -1, 0, 0, 0, 0, 1, 0, 0, 0, 0, 0, 0]",1,95,0.06597137451171875,3,-1
"[0, -1, 1, -1, 0, 0, 0, 0, 1, -1, 0, 0, 0, 0, 1, -1, 0, 1, 0, -1, -1, -1, -1, 1, -1, 0, 0, 0, 0, 1, 0, 0, 0, 0, 0, 0]",,4,0.0034723281860351562,3,-1
"[0, 0, 0, 0, 0, 0, 0, 0, 0, 1, 0, 0, 0, 0, 1, 1, 0, 0, 0, 0, -1, 1, 0, 0, 0, 0, 0, 0, 0, 0, 0, 0, 0, 0, 0, 0]",22,54,0.020833253860473633,3,-1
"[0, 0, 0, 0, 0, 0, 0, 0, 0, 1, 0, 0, 0, 0, 1, 1, 0, 0, 0, 0, -1, -1, 1, 0, 0, 0, 0, 0, 0, 1, 0, 0, 0, 0, 0, 0]",3,65,0.02579212188720703,3,-1
"[0, 0, 0, -1, 0, 0, 0, 0, 0, -1, 0, 0, 0, 0, 1, -1, 0, 0, 0, 1, 1, 1, 1, 0, 0, 0, 0, 0, 0, 1, 0, 0, 0, 0, 0, 0]",24,84,0.03719973564147949,3,-1
"[0, 0, 0, -1, 0, 0, 0, 0, 1, -1, 0, 0, 0, 0, 1, 1, 0, 0, 0, -1, 1, 1, 1, 0, -1, 0, 0, 0, 0, 1, 0, 0, 0, 0, 0, 0]",23,80,0.03769636154174805,3,-1
"[0, 0, 0, -1, 0, 0, 0, 0, 1, -1, 0, 0, 0, 0, 1, 1, 0, 1, 0, -1, -1, -1, -1, 1, -1, 0, 0, 0, 0, 1, 0, 0, 0, 0, 0, 0]",1,95,0.05009627342224121,3,-1
"[0, -1, 1, -1, 0, 0, 0, 0, 1, -1, 0, 0, 0, 0, 1, -1, 0, 1, 0, -1, -1, -1, -1, 1, -1, 0, 0, 0, 0, 1, 0, 0, 0, 0, 0, 0]",,4,0.00347137451171875,3,-1
"[0, 0, 0, 0, 0, 0, 0, 0, 0, 1, 0, 0, 0, 0, 1, 1, 0, 0, 0, 0, -1, 1, 0, 0, 0, 0, 0, 0, 0, 0, 0, 0, 0, 0, 0, 0]",22,54,0.05059170722961426,3,-1
"[0, 0, 0, 0, 0, 0, 0, 0, 0, 1, 0, 0, 0, 0, 1, 1, 0, 0, 0, 0, -1, -1, 1, 0, 0, 0, 0, 0, 0, 1, 0, 0, 0, 0, 0, 0]",3,65,0.06894397735595703,3,-1
"[0, 0, 0, -1, 0, 0, 0, 0, 0, -1, 0, 0, 0, 0, 1, -1, 0, 0, 0, 1, 1, 1, 1, 0, 0, 0, 0, 0, 0, 1, 0, 0, 0, 0, 0, 0]",24,84,0.08779144287109375,3,-1
"[0, 0, 0, -1, 0, 0, 0, 0, 1, -1, 0, 0, 0, 0, 1, 1, 0, 0, 0, -1, 1, 1, 1, 0, -1, 0, 0, 0, 0, 1, 0, 0, 0, 0, 0, 0]",23,80,0.08280372619628906,3,-1
"[0, 0, 0, -1, 0, 0, 0, 0, 1, -1, 0, 0, 0, 0, 1, 1, 0, 1, 0, -1, -1, -1, -1, 1, -1, 0, 0, 0, 0, 1, 0, 0, 0, 0, 0, 0]",1,95,0.10118389129638672,3,-1
"[0, -1, 1, -1, 0, 0, 0, 0, 1, -1, 0, 0, 0, 0, 1, -1, 0, 1, 0, -1, -1, -1, -1, 1, -1, 0, 0, 0, 0, 1, 0, 0, 0, 0, 0, 0]",,4,0.005427122116088867,3,-1
"[0, 0, 0, 0, 0, 0, 0, 0, 0, 0, 0, 0, 0, 0, 1, 1, 1, 0, 0, 0, -1, 1, 0, 0, 0, 0, 0, 0, 0, 0, 0, 0, 0, 0, 0, 0]",8,44,0.041664838790893555,3,-1
"[0, 0, 0, 0, 0, 0, 0, 0, -1, 0, 0, 0, 0, 0, -1, 1, 1, 0, 0, 1, 1, 1, 0, 0, 0, 0, 0, 0, 0, 0, 0, 0, 0, 0, 0, 0]",26,94,0.10019135475158691,3,-1
"[0, 0, 0, 0, 0, 0, 0, 0, -1, 0, 0, 0, 0, 0, -1, 1, 1, 0, 0, 1, -1, 1, 0, 0, 0, 0, 1, 0, 0, 0, 0, 1, 0, 0, 0, 0]",32,124,0.1383826732635498,3,-1
"[0, 0, 0, 0, 0, 0, 0, 0, -1, 0, 0, 0, 0, 0, -1, 1, 1, 0, 0, 1, -1, 1, 0, 0, 0, 0, 1, 0, 0, 0, 0, 1, 1, 1, 0, 0]",17,83,0.10019207000732422,3,-1
"[0, 0, 1, 0, 0, 0, 0, 0, 1, 0, 0, 0, 0, 0, 1, -1, -1, -1, 0, 1, 1, 1, 0, 0, 0, 0, 1, 0, 0, 0, 0, 1, 1, 1, 0, 0]",25,69,0.08977699279785156,3,-1
"[0, 0, 1, 0, 0, 0, 0, 0, 1, 1, 0, 0, 0, 0, 1, 1, -1, -1, 0, 1, -1, 1, 0, 0, 0, -1, 1, 0, 0, 0, 0, 1, 1, 1, 0, 0]",10,114,0.14433526992797852,3,-1
"[0, 0, 1, 0, 0, 0, 0, 0, 1, 1, -1, 0, 0, 0, 1, 1, -1, -1, 0, 1, -1, 1, 1, 0, 0, -1, 1, 0, 0, 0, 0, 1, 1, 1, 0, 0]",13,163,0.21625590324401855,3,-1
"[0, 0, 1, 0, 0, 0, 0, 0, 1, 1, -1, 0, 0, 1, -1, -1, -1, -1, 1, 1, 1, 1, 1, 0, 0, 1, 1, 0, 0, 0, 0, 1, 1, 1, 0, 0]",30,182,0.275280237197876,3,-1
"[0, 0, 1, 0, 0, 0, 0, 0, 1, 1, 1, 1, 0, 1, -1, -1, 1, -1, 1, 1, -1, 1, 1, 0, 0, -1, 1, 0, 0, 0, -1, 1, 1, 1, 0, 0]",5,206,0.316943883895874,3,-1
"[0, 0, 1, 0, 1, -1, 0, 0, 1, 1, 1, -1, 0, 1, -1, -1, 1, -1, 1, 1, -1, 1, 1, 0, 0, -1, 1, 0, 0, 0, -1, 1, 1, 1, 0, 0]",3,132,0.19790410995483398,3,-1
"[0, 0, 1, -1, -1, -1, 0, 0, 1, -1, -1, -1, 0, 1, -1, -1, 1, -1, 1, 1, -1, 1, 1, 0, 1, 1, 1, 0, 0, 0, -1, 1, 1, 1, 0, 0]",34,92,0.14036846160888672,3,-1
"[0, 0, 1, -1, -1, -1, 0, 1, 1, -1, -1, -1, 0, 1, 1, -1, 1, -1, 1, 1, -1, 1, 1, 0, 1, 1, 1, 0, 0, 0, -1, -1, -1, -1, -1, 0]",12,54,0.07539176940917969,3,-1
"[0, 0, 1, -1, -1, -1, 0, 1, 1, -1, -1, -1, -1, -1, -1, -1, 1, -1, -1, -1, -1, 1, 1, 0, -1, 1, 1, 1, 0, 0, -1, -1, -1, -1, -1, 0]",1,54,0.08382391929626465,3,-1
"[1, -1, -1, -1, -1, -1, 0, 1, -1, -1, -1, -1, -1, -1, 1, -1, 1, -1, -1, -1, -1, 1, 1, 0, -1, 1, 1, 1, 0, 0, -1, -1, -1, -1, -1, 0]",6,1,0.004465341567993164,3,-1
"[1, -1, -1, -1, -1, -1, -1, -1, -1, -1, -1, -1, -1, -1, 1, -1, 1, -1, -1, -1, -1, 1, 1, 0, -1, 1, 1, 1, 0, 0, -1, -1, -1, -1, -1, 0]",28,7,0.014385700225830078,3,-1
"[1, -1, -1, -1, -1, -1, -1, 1, -1, -1, -1, -1, -1, -1, 1, -1, -1, -1, -1, -1, -1, 1, -1, 0, -1, -1, -1, -1, 1, 0, -1, -1, -1, -1, -1, 1]",23,1,0.003937244415283203,3,-1
"[0, 0, 0, 0, 0, 0, 0, 0, 0, 1, 0, 0, 0, 0, 1, 1, 0, 0, 0, 0, -1, 1, 0, 0, 0, 0, 0, 0, 0, 0, 0, 0, 0, 0, 0, 0]",22,54,0.23615717887878418,3,-1
"[0, 0, 0, 0, 0, 0, 0, 0, 0, 1, 0, 0, 0, 0, 1, 1, 0, 0, 0, 0, 1, -1, -1, 0, 0, 0, 1, 0, 0, 0, 0, 0, 0, 0, 0, 0]",19,85,0.3351867198944092,3,-1
"[0, 0, 0, 0, 0, 0, 0, 0, 0, 1, 0, 0, 0, 0, 1, 1, 0, 0, 0, -1, 1, -1, -1, 0, 0, 1, 1, 0, 0, 0, 0, 0, 0, 0, 0, 0]",3,137,0.5668714046478271,3,-1
"[0, 0, 0, -1, 0, 0, 0, 0, 0, -1, 0, 0, 0, 0, 1, 1, 1, 0, 0, -1, 1, 1, -1, 0, 0, 1, 1, 0, 0, 0, 0, 0, 0, 0, 0, 0]",27,196,0.7750015258789062,3,-1
"[0, 0, 0, -1, 0, 0, 0, 0, 0, -1, 0, 0, 0, 0, 1, -1, 1, 0, 0, -1, 1, 1, 1, 1, 0, 1, 1, -1, 0, 0, 0, 0, 0, 0, 0, 0]",30,159,0.6446530818939209,3,-1
"[0, 0, 0, -1, 0, 0, 0, 0, 0, -1, 0, 0, 0, 0, 1, -1, 1, 0, 1, 1, 1, 1, 1, 1, 0, -1, 1, -1, 0, 0, -1, 0, 0, 0, 0, 0]",17,83,0.3092918395996094,3,-1
"[0, 0, 0, -1, 0, 0, 0, 0, 0, -1, 1, 0, 0, 0, 1, 1, -1, -1, 1, 1, 1, 1, -1, 1, 0, -1, 1, -1, 0, 0, -1, 0, 0, 0, 0, 0]",5,143,0.5965557098388672,3,-1
"[0, 0, 0, -1, 0, -1, 0, 0, 0, -1, -1, 0, 0, 0, 1, -1, -1, -1, 1, 1, -1, 1, -1, 1, 0, -1, 1, 1, 0, 0, -1, 0, 0, 1, 0, 0]",24,132,0.5347676277160645,3,-1
"[0, 0, 0, -1, 0, -1, 0, 0, 0, -1, -1, 0, 0, 1, -1, -1, -1, -1, 1, -1, 1, 1, -1, 1, -1, -1, 1, 1, 0, 0, -1, 0, 0, 1, 0, 0]",28,90,0.3277287483215332,3,-1
"[0, 0, 0, -1, 0, -1, 0, 0, 0, -1, -1, 0, 0, 1, -1, -1, -1, -1, 1, 1, 1, -1, -1, 1, -1, 1, -1, -1, -1, 0, -1, 1, 0, 1, 0, 0]",12,69,0.26499080657958984,3,-1
"[0, 0, 0, -1, 0, -1, 1, 0, 0, -1, -1, 0, -1, 1, -1, -1, -1, -1, -1, -1, 1, -1, -1, 1, -1, 1, -1, -1, -1, 0, -1, 1, 0, 1, 0, 0]",0,62,0.23678922653198242,3,-1
"[-1, 0, 0, -1, 0, -1, -1, 0, 1, -1, -1, 0, -1, 1, 1, -1, -1, -1, -1, -1, 1, -1, -1, 1, -1, 1, -1, -1, -1, 0, -1, 1, 0, 1, 0, 0]",2,84,0.31715917587280273,3,-1
"[-1, 0, -1, -1, 0, -1, -1, 0, -1, -1, -1, 1, -1, 1, -1, -1, 1, 1, -1, -1, -1, 1, -1, 1, -1, 1, 1, -1, -1, 0, -1, 1, 0, 1, 0, 0]",29,37,0.1442124843597412,3,-1
"[-1, 0, -1, -1, 1, -1, -1, 0, -1, -1, 1, -1, -1, 1, -1, -1, 1, -1, -1, -1, -1, 1, -1, -1, -1, 1, 1, -1, -1, -1, -1, 1, 0, 1, 0, 0]",32,17,0.0648488998413086,3,-1
"[-1, 0, -1, -1, 1, -1, -1, 1, 1, 1, 1, -1, -1, 1, 1, -1, 1, -1, -1, -1, -1, 1, -1, -1, -1, -1, -1, -1, -1, -1, -1, -1, -1, 1, 0, 0]",1,5,0.01970839500427246,3,-1
"[-1, -1, -1, -1, 1, -1, -1, -1, -1, 1, 1, -1, -1, -1, 1, -1, 1, -1, -1, -1, -1, 1, -1, -1, -1, -1, -1, -1, 1, -1, -1, -1, -1, 1, 0, 1]",34,1,0.00603938102722168,3,-1
"[0, 0, 0, 0, 0, 0, 0, 0, 0, 1, 0, 0, 0, 0, 1, 1, 0, 0, 0, 0, -1, 1, 0, 0, 0, 0, 0, 0, 0, 0, 0, 0, 0, 0, 0, 0]",22,54,0.24282336235046387,3,-1
"[0, 0, 0, 0, 0, 0, 0, 0, 0, 1, 0, 0, 0, 0, 1, 1, 0, 0, 0, 0, 1, -1, -1, 0, 0, 1, 0, 0, 0, 0, 0, 0, 0, 0, 0, 0]",3,51,0.20416021347045898,3,-1
"[0, 0, 0, -1, 0, 0, 0, 0, 0, -1, 0, 0, 0, 0, 1, -1, 0, 0, 0, 0, 1, 1, -1, 0, 0, 1, 0, 0, 1, 0, 0, 0, 0, 0, 0, 0]",13,89,0.36018824577331543,3,-1
"[0, 0, 0, -1, 0, 0, 0, 1, 0, -1, 0, 0, 0, -1, 1, -1, 0, 0, 0, 0, 1, 1, -1, 0, 0, 1, 0, 0, 1, 0, 0, 0, 0, 0, 0, 0]",19,95,0.39678382873535156,3,-1
"[0, 0, 0, -1, 0, 0, 0, 1, 0, -1, 0, 0, 0, -1, -1, -1, 1, 0, 0, -1, -1, -1, 1, 0, 0, 1, 0, 0, 1, 0, 0, 0, 0, 0, 0, 0]",35,270,1.0851783752441406,3,-1
"[0, 0, 0, -1, 0, 0, 0, 1, 0, -1, 0, 0, 0, -1, -1, -1, 1, 0, 1, 1, 1, 1, 1, 0, 0, 1, 0, 0, -1, 0, 0, 0, 0, 0, 0, -1]",30,304,1.2036902904510498,3,-1
"[0, 0, 0, -1, 0, 0, 0, 1, 0, -1, 0, 0, 1, 1, 1, 1, 1, 0, 1, 1, -1, 1, 1, 0, 0, -1, 0, 0, -1, 0, -1, 0, 0, 0, 0, -1]",0,121,0.47600388526916504,3,-1
"[-1, 1, 0, -1, 0, 0, 0, 1, 0, -1, 0, 0, 1, 1, -1, 1, 1, 0, 1, 1, -1, -1, 1, 0, 0, -1, 0, 0, -1, 0, -1, 0, 0, 0, 0, -1]",2,78,0.2823951244354248,3,-1
"[-1, -1, -1, -1, 1, 0, 0, 1, 0, 1, 0, 0, 1, 1, 1, 1, 1, 0, 1, 1, -1, -1, 1, 0, 0, -1, 0, 0, -1, 0, -1, 0, 0, 0, 0, -1]",5,76,0.295271635055542,3,-1
"[-1, -1, -1, -1, -1, -1, 0, 1, 0, 1, 0, 0, 1, 1, 1, 1, 1, 0, 1, 1, 1, 1, 1, 0, 0, -1, 0, 1, -1, 0, -1, 0, 0, 0, 0, -1]",24,90,0.32811832427978516,3,-1
"[-1, -1, -1, -1, -1, -1, 0, 1, 0, -1, 0, 0, 1, 1, -1, 1, 1, 0, 1, 1, 1, 1, 1, 0, -1, -1, 1, 1, -1, 0, -1, 0, 0, 0, 0, -1]",6,77,0.29650068283081055,3,-1
"[-1, -1, -1, -1, -1, -1, -1, 1, 1, -1, 0, 0, -1, 1, 1, 1, 1, 0, -1, 1, 1, 1, 1, 0, -1, -1, 1, 1, -1, 0, -1, 0, 0, 0, 0, -1]",17,101,0.3939859867095947,3,-1
"[-1, -1, -1, -1, -1, -1, -1, 1, 1, -1, 0, 1, -1, -1, -1, -1, 1, -1, -1, 1, 1, 1, 1, 0, -1, -1, 1, 1, -1, 0, -1, 0, 0, 0, 0, -1]",10,71,0.2666170597076416,3,-1
"[-1, -1, -1, -1, -1, -1, -1, 1, 1, -1, -1, 1, -1, -1, -1, -1, -1, 1, -1, 1, 1, 1, 1, 1, -1, -1, 1, 1, -1, 0, -1, 0, 0, 0, 0, -1]",29,22,0.08599019050598145,3,-1
"[-1, -1, -1, -1, -1, -1, -1, 1, 1, -1, -1, -1, -1, -1, -1, -1, -1, -1, -1, 1, 1, 1, -1, -1, -1, 1, 1, 1, -1, -1, -1, 1, 0, 0, 0, -1]",32,3,0.024878501892089844,3,-1
"[-1, -1, -1, -1, -1, -1, -1, 1, 1, -1, -1, -1, -1, -1, -1, -1, -1, -1, -1, 1, -1, 1, -1, -1, -1, -1, 1, 1, -1, -1, -1, -1, -1, 1, 0, -1]",34,1,0.014374732971191406,3,-1
"[0, 0, 0, 0, 0, 0, 0, 0, 0, 1, 0, 0, 0, 0, 1, 1, 0, 0, 0, 0, -1, 1, 0, 0, 0, 0, 0, 0, 0, 0, 0, 0, 0, 0, 0, 0]",8,3,0.010778188705444336,1,-1
"[0, 0, 0, 0, 0, 0, 0, 0, -1, 1, 0, 0, 0, 1, 1, 1, 0, 0, 0, 0, -1, 1, 0, 0, 0, 0, 0, 0, 0, 0, 0, 0, 0, 0, 0, 0]",10,4,0.01595616340637207,1,-1
"[0, 0, 0, 0, 0, 0, 0, 0, -1, -1, -1, 0, 0, 1, 1, -1, 0, 0, 0, 1, 1, 1, 0, 0, 0, 0, 0, 0, 0, 0, 0, 0, 0, 0, 0, 0]",12,6,0.021076202392578125,1,-1
"[0, 0, 1, 0, 0, 0, 0, 0, 1, -1, -1, 0, -1, -1, 1, -1, 0, 0, 0, 1, 1, 1, 0, 0, 0, 0, 0, 0, 0, 0, 0, 0, 0, 0, 0, 0]",24,7,0.030968427658081055,1,-1
"[0, 0, 1, 0, 0, 1, 0, 0, 1, -1, 1, 0, -1, -1, -1, 1, 0, 0, 0, -1, 1, 1, 0, 0, -1, 0, 0, 0, 0, 0, 0, 0, 0, 0, 0, 0]",27,8,0.03535962104797363,1,-1
"[0, 0, 1, 0, 0, 1, 0, 0, 1, -1, 1, 0, -1, -1, 1, -1, 0, 0, 0, -1, 1, -1, 0, 0, -1, 0, 1, -1, 0, 0, 0, 0, 0, 0, 0, 0]",7,7,0.03261899948120117,1,-1
"[0, 0, 1, 0, 0, 1, 1, 1, 1, 1, 1, 0, -1, 1, -1, -1, 0, 0, 0, -1, 1, -1, 0, 0, -1, 0, 1, -1, 0, 0, 0, 0, 0, 0, 0, 0]",0,8,0.04109072685241699,1,-1
"[-1, 0, 1, 0, 0, 1, -1, -1, 1, 1, 1, 0, -1, 1, -1, 1, 0, 0, 0, -1, 1, 1, 1, 0, -1, 0, 1, -1, 0, 0, 0, 0, 0, 0, 0, 0]",3,10,0.0442349910736084,1,-1
"[-1, 1, 1, -1, 0, 1, -1, 1, 1, -1, 1, 0, -1, 1, -1, -1, 0, 0, 0, -1, 1, -1, 1, 0, -1, 0, 1, -1, 0, 0, 0, 0, 0, 0, 0, 0]",17,9,0.04090142250061035,1,-1
"[-1, 1, 1, -1, 0, 1, -1, 1, 1, -1, -1, 0, -1, 1, 1, -1, 0, -1, 0, -1, 1, 1, -1, 0, -1, 0, 1, 1, 1, 0, 0, 0, 0, 0, 0, 0]",35,6,0.021950721740722656,1,-1
"[-1, 1, 1, -1, 0, 1, -1, -1, 1, 1, -1, 0, -1, 1, 1, 1, 1, -1, 0, -1, 1, 1, -1, 0, -1, 0, 1, 1, -1, 0, 0, 0, 0, 0, 0, -1]",33,6,0.031830549240112305,1,-1
"[-1, 1, 1, -1, 0, 1, -1, -1, 1, 1, 1, 1, -1, 1, 1, -1, 1, -1, 0, -1, 1, -1, -1, 0, -1, 0, -1, -1, -1, 0, 0, 0, 0, -1, 0, -1]",4,3,0.013474464416503906,1,-1
"[-1, 1, 1, -1, -1, 1, -1, -1, 1, -1, -1, 1, -1, 1, -1, -1, -1, -1, 0, 1, 1, -1, -1, 0, -1, 1, -1, -1, -1, 0, 0, 0, 0, -1, 0, -1]",18,3,0.013962268829345703,1,-1
"[-1, 1, 1, -1, -1, 1, -1, -1, 1, -1, -1, 1, -1, -1, 1, -1, -1, -1, -1, -1, 1, -1, -1, 0, -1, 1, 1, -1, -1, 0, 0, 0, 1, -1, 0, -1]",30,2,0.009484052658081055,1,-1
"[-1, 1, 1, -1, -1, 1, -1, -1, 1, 1, -1, 1, -1, -1, 1, -1, 1, 1, -1, -1, -1, -1, -1, 1, -1, -1, 1, -1, -1, 0, -1, 0, 1, -1, 0, -1]",31,1,0.009621620178222656,1,-1
"[-1, 1, 1, -1, -1, 1, -1, -1, 1, 1, -1, 1, -1, -1, 1, -1, 1, 1, -1, -1, -1, -1, 1, 1, -1, -1, -1, -1, 1, 0, -1, -1, -1, -1, 1, -1]",29,1,0.007978200912475586,1,-1
"[0, 0, 0, 0, 0, 0, 0, 0, 0, 1, 0, 0, 0, 0, 1, 1, 0, 0, 0, 0, -1, 1, 0, 0, 0, 0, 0, 0, 0, 0, 0, 0, 0, 0, 0, 0]",22,5638,28.978641510009766,7,-1
"[0, 0, 0, 0, 0, 0, 0, 0, 0, 1, 0, 0, 0, 0, 1, 1, 0, 0, 0, 0, 1, -1, -1, 0, 0, 0, 1, 0, 0, 0, 0, 0, 0, 0, 0, 0]",3,5286,36.30461931228638,7,-1
"[0, 0, 0, -1, 1, 0, 0, 0, 0, 1, 0, 0, 0, 0, 1, -1, 0, 0, 0, 0, 1, -1, -1, 0, 0, 0, 1, 0, 0, 0, 0, 0, 0, 0, 0, 0]",5,5561,44.733009338378906,7,-1
"[0, 0, 0, 0, 0, 0, 0, 0, 0, 1, 0, 0, 0, 0, 1, 1, 0, 0, 0, 0, -1, 1, 0, 0, 0, 0, 0, 0, 0, 0, 0, 0, 0, 0, 0, 0]",22,54,3.1948227882385254,3,-1
"[0, 0, 0, 0, 0, 0, 0, 0, 0, 1, 0, 0, 0, 0, 1, 1, 0, 0, 0, 0, -1, 1, 0, 0, 0, 0, 0, 0, 0, 0, 0, 0, 0, 0, 0, 0]",22,54,3.206296682357788,3,-1
"[0, 0, 0, 0, 0, 0, 0, 0, 0, 1, 0, 0, 0, 0, 1, 1, 0, 0, 0, 0, -1, 1, 0, 0, 0, 0, 0, 0, 0, 0, 0, 0, 0, 0, 0, 0]",22,54,3.2059664726257324,3,-1
"[0, 0, 0, 0, 0, 0, 0, 0, 0, 1, 0, 0, 0, 0, 1, 1, 0, 0, 0, 0, -1, 1, 0, 0, 0, 0, 0, 0, 0, 0, 0, 0, 0, 0, 0, 0]",22,54,0.209519624710083,3,-1
"[0, 0, 0, 0, 0, 0, 0, 0, 0, 1, 0, 0, 0, 0, 1, 1, 0, 0, 0, 0, -1, 1, 0, 0, 0, 0, 0, 0, 0, 0, 0, 0, 0, 0, 0, 0]",22,54,3.232109546661377,3,-1
"[0, 0, 0, 0, 0, 0, 0, 0, 0, 1, 0, 0, 0, 0, 1, 1, 0, 0, 0, 0, -1, 1, 0, 0, 0, 0, 0, 0, 0, 0, 0, 0, 0, 0, 0, 0]",22,54,3.2400882244110107,3,-1
"[0, 0, 0, 0, 0, 0, 0, 0, 0, 1, 0, 0, 0, 0, 1, 1, 0, 0, 0, 0, -1, 1, -1, 0, 0, 0, 0, 1, 0, 0, 0, 0, 0, 0, 0, 0]",8,65,3.2414140701293945,3,-1
"[0, 0, 0, 0, 0, 0, 0, 0, -1, 1, 0, 0, 0, 1, -1, -1, 0, 0, 0, 0, 1, 1, -1, 0, 0, 0, 0, 1, 0, 0, 0, 0, 0, 0, 0, 0]",3,138,3.549879312515259,3,-1
"[0, 0, 0, 0, 0, 0, 0, 0, 0, 1, 0, 0, 0, 0, 1, 1, 0, 0, 0, 0, -1, 1, 0, 0, 0, 0, 0, 0, 0, 0, 0, 0, 0, 0, 0, 0]",22,54,3.190270185470581,3,-1
"[0, 0, 0, 0, 0, 0, 0, 0, 0, 1, 0, 0, 0, 0, 1, 1, 0, 0, 0, 0, -1, 1, 0, 0, 0, 0, 0, 0, 0, 0, 0, 0, 0, 0, 0, 0]",22,54,3.216322898864746,3,-1
"[0, 0, 0, 0, 0, 0, 0, 0, 0, 1, 0, 0, 0, 0, 1, 1, 0, 0, 0, 0, -1, 1, 0, 0, 0, 0, 0, 0, 0, 0, 0, 0, 0, 0, 0, 0]",22,54,3.228107452392578,3,-1
"[0, 0, 0, 0, 0, 0, 0, 0, 0, 1, 0, 0, 0, 0, 1, 1, 0, 0, 0, 0, -1, 1, 0, 0, 0, 0, 0, 0, 0, 0, 0, 0, 0, 0, 0, 0]",22,54,3.1978647708892822,3,-1
"[0, 0, 0, 0, 0, 0, 0, 0, 0, 1, 0, 0, 0, 0, 1, 1, 0, 0, 0, 0, -1, 1, 0, 0, 0, 0, 0, 0, 0, 0, 0, 0, 0, 0, 0, 0]",22,54,0.19580435752868652,3,-1
"[0, 0, 0, 0, 0, 0, 0, 0, 0, 1, 0, 0, 0, 0, 1, 1, 0, 0, 0, 0, -1, 1, 0, 0, 0, 0, 0, 0, 0, 0, 0, 0, 0, 0, 0, 0]",22,54,0.22148919105529785,3,-1
"[0, 0, 0, 0, 0, 0, 0, 0, 0, 1, 0, 0, 0, 0, 1, 1, 0, 0, 0, 0, -1, 1, 0, 0, 0, 0, 0, 0, 0, 0, 0, 0, 0, 0, 0, 0]",22,54,0.21744704246520996,3,-1
"[0, 0, 0, 0, 0, 0, 0, 0, 0, 1, 0, 0, 0, 0, 1, 1, 0, 0, 0, 0, -1, 1, -1, 0, 0, 0, 0, 1, 0, 0, 0, 0, 0, 0, 0, 0]",8,65,0.2364966869354248,3,-1
"[0, 0, 0, 0, 0, 0, 0, 0, -1, 1, 0, 0, 0, 1, -1, -1, 0, 0, 0, 0, 1, 1, -1, 0, 0, 0, 0, 1, 0, 0, 0, 0, 0, 0, 0, 0]",3,138,0.5158374309539795,3,-1
"[0, 0, 0, -1, 0, 0, 0, 0, -1, -1, 1, 0, 0, 1, -1, 1, 0, 0, 0, 0, 1, 1, -1, 0, 0, 0, 0, 1, 0, 0, 0, 0, 0, 0, 0, 0]",33,267,1.011439561843872,3,-1
"[0, 0, 0, -1, 0, 0, 0, 1, 1, 1, 1, 0, 0, 1, -1, -1, 0, 0, 0, 0, 1, -1, -1, 0, 0, 0, 0, -1, 0, 0, 0, 0, 0, -1, 0, 0]",5,205,0.791736364364624,3,-1
"[0, 0, 0, 0, 0, 0, 0, 0, 0, 1, 0, 0, 0, 0, 1, 1, 0, 0, 0, 0, -1, 1, 0, 0, 0, 0, 0, 0, 0, 0, 0, 0, 0, 0, 0, 0]",22,54,0.20025134086608887,3,-1
"[0, 0, 0, 0, 0, 0, 0, 0, 0, 1, 0, 0, 0, 0, 1, 1, 0, 0, 0, 0, 1, -1, -1, 0, 0, 1, 0, 0, 0, 0, 0, 0, 0, 0, 0, 0]",3,51,0.19442343711853027,3,-1
"[0, 0, 0, -1, 0, 0, 0, 0, 0, -1, 0, 0, 0, 0, 1, -1, 0, 0, 0, 0, 1, 1, -1, 0, 0, 1, 0, 0, 1, 0, 0, 0, 0, 0, 0, 0]",13,89,0.32469987869262695,3,-1
"[0, 0, 0, -1, 0, 0, 0, 0, 0, -1, 1, 0, 0, -1, -1, 1, 0, 0, 0, 0, 1, 1, -1, 0, 0, 1, 0, 0, 1, 0, 0, 0, 0, 0, 0, 0]",27,186,0.7045998573303223,3,-1
"[0, 0, 0, -1, 0, 0, 0, 0, 0, -1, 1, 0, 0, -1, -1, -1, 0, 0, 0, 0, -1, -1, -1, 0, 0, 1, 1, 1, 1, 0, 0, 0, 0, 0, 0, 0]",5,161,0.607407808303833,3,-1
"[0, 0, 0, -1, 0, -1, 0, 0, 1, -1, -1, 0, 0, -1, 1, -1, 0, 0, 0, 0, 1, -1, -1, 0, 0, 1, 1, 1, 1, 0, 0, 0, 0, 0, 0, 0]",30,227,0.880993127822876,3,-1
"[0, 0, 0, 0, 0, 0, 0, 0, 0, 0, 0, 0, 0, 0, 1, -1, 0, 0, 0, 0, -1, 1, 0, 0, 0, 0, 0, 0, 0, 0, 0, 0, 0, 0, 0, 0]",16,45,0.15697383880615234,3,1
"[0, 0, 0, 0, 0, 0, 0, 0, 0, 0, 0, 0, 0, 0, 1, 1, 1, 0, 0, 0, -1, 1, 0, 0, 0, 0, 0, 0, 0, 0, 0, 0, 0, 0, 0, 0]",8,44,0.17237210273742676,3,1
"[0, 0, 0, 0, 0, 0, 0, 0, 1, 0, 0, 0, 0, 0, -1, 1, 1, 0, 0, 0, -1, 1, 0, 0, 0, 0, 0, 0, 0, 0, 0, 0, 0, 0, 0, 0]",2,79,0.29078054428100586,3,1
"[0, 0, 1, 0, 0, 0, 0, 0, -1, 0, 0, 0, 0, 0, -1, 1, 1, 0, 0, 0, -1, 1, 0, 0, 0, 0, 0, 0, 0, 0, 0, 0, 0, 0, 0, 0]",17,83,0.2825007438659668,3,1
"[0, 0, 1, 0, 0, 0, 0, 0, -1, 0, 0, 0, 0, 0, -1, -1, -1, 1, 0, 0, -1, 1, 0, 0, 0, 0, 0, 0, 0, 0, 0, 0, 0, 0, 0, 0]",22,44,0.1619255542755127,3,1
"[0, 0, 1, 0, 0, 0, 0, 0, -1, 0, 0, 0, 0, 0, -1, -1, -1, 1, 0, 0, -1, -1, 1, 0, 0, 0, 0, 0, 0, 0, 0, 0, 0, 0, 0, 0]",28,51,0.16548395156860352,3,1
"[0, 0, 1, 0, 0, 0, 0, 0, -1, 0, 0, 0, 0, 0, -1, -1, -1, 1, 0, 0, -1, -1, -1, 0, 0, 0, 0, 0, 1, 0, 0, 0, 0, 0, 0, 0]",35,34,0.12871551513671875,3,1
"[0, 0, 1, 0, 0, 0, 0, 0, -1, 0, 0, 0, 0, 0, -1, -1, -1, 1, 0, 0, -1, -1, -1, 0, 0, 0, 0, 0, -1, 0, 0, 0, 0, 0, 0, 1]",7,60,0.2155897617340088,3,1
"[0, 0, 1, 0, 0, 0, 0, 1, -1, 0, 0, 0, 0, 0, 1, -1, -1, 1, 0, 0, -1, 1, -1, 0, 0, 0, 0, 0, 1, 0, 0, 0, 0, 0, 0, 1]",34,100,0.372683048248291,3,1
"[0, 0, 1, 0, 0, 0, 0, 1, -1, 0, 0, 0, 0, 0, 1, -1, -1, 1, 0, 0, -1, -1, -1, 0, 0, 0, 0, -1, -1, 0, 0, 0, 0, 0, 1, 1]",10,80,0.29970788955688477,3,1
"[0, 0, 1, 0, 0, 0, 0, 1, -1, 0, 1, 0, 0, 0, 1, -1, 1, 1, 0, 0, -1, -1, 1, 0, 0, 0, 0, -1, 1, 0, 0, 0, 0, 0, 1, 1]",29,146,0.5291268825531006,3,1
"[0, 0, 1, 0, 0, 0, 0, 1, -1, 0, 1, 0, 0, 0, 1, -1, 1, 1, 0, 0, -1, -1, -1, 0, 0, 0, 0, -1, -1, 1, 0, 0, 0, 0, 1, 1]",4,78,0.26661038398742676,3,1
"[0, 0, 1, 0, 1, 0, 0, 1, -1, 0, -1, 0, 0, 0, 1, -1, -1, 1, 0, 0, -1, -1, -1, 0, 0, 0, 0, -1, -1, 1, 0, 0, 0, 0, 1, 1]",0,38,0.13628363609313965,3,1
"[1, 0, 1, 0, 1, 0, 0, -1, -1, 0, -1, 0, 0, 0, -1, -1, -1, 1, 0, 0, -1, -1, -1, 0, 0, 0, 0, -1, -1, 1, 0, 0, 0, 0, 1, 1]",1,84,0.3235440254211426,3,1
"[1, 1, 1, 0, 1, 0, 0, -1, 1, 0, -1, 0, 0, 0, -1, 1, -1, 1, 0, 0, -1, -1, 1, 0, 0, 0, 0, -1, -1, 1, 0, 0, 0, 0, 1, 1]",9,58,0.2286663055419922,3,1
"[1, 1, 1, 0, 1, 0, 0, -1, -1, 1, -1, 0, 0, 0, -1, -1, -1, 1, 0, 0, -1, -1, 1, 0, 0, 0, 0, -1, -1, 1, 0, 0, 0, 0, 1, 1]",3,44,0.1605696678161621,3,1
"[1, 1, 1, 1, 1, 0, 0, -1, -1, -1, -1, 0, 0, 0, -1, -1, -1, 1, 0, 0, -1, -1, 1, 0, 0, 0, 0, -1, -1, 1, 0, 0, 0, 0, 1, 1]",23,20,0.10072469711303711,3,1
"[1, 1, 1, 1, 1, 0, 0, -1, -1, -1, -1, 0, 0, 0, -1, -1, -1, 1, 0, 0, -1, -1, -1, 1, 0, 0, 0, -1, -1, 1, 0, 0, 0, 0, 1, 1]",33,83,0.3108639717102051,3,1
"[1, 1, 1, 1, 1, 0, 0, -1, -1, 1, -1, 0, 0, 0, -1, 1, -1, 1, 0, 0, -1, 1, -1, 1, 0, 0, 0, 1, 1, 1, 0, 0, 0, 1, 1, 1]",26,37,0.14795374870300293,3,1
"[1, 1, 1, 1, 1, 0, 0, -1, -1, 1, -1, 0, 0, 0, -1, 1, -1, 1, 0, 0, -1, -1, -1, 1, 0, 0, 1, 1, 1, 1, 0, 0, 0, 1, 1, 1]",31,24,0.09470176696777344,3,1
"[1, 1, 1, 1, 1, 0, 0, -1, -1, 1, -1, 0, 0, 0, -1, 1, -1, 1, 0, 0, -1, -1, -1, 1, 0, 0, -1, 1, 1, 1, 0, 1, 0, 1, 1, 1]",32,22,0.08578228950500488,3,1
"[1, 1, 1, 1, 1, 0, 0, -1, -1, 1, -1, 0, 0, 0, -1, 1, -1, 1, 0, 0, -1, -1, -1, 1, 0, 0, -1, -1, 1, 1, 0, 1, 1, 1, 1, 1]",6,7,0.029326200485229492,3,1
"[1, 1, 1, 1, 1, 0, 1, 1, 1, 1, -1, 0, 0, 0, -1, 1, -1, 1, 0, 0, -1, -1, -1, 1, 0, 0, -1, -1, 1, 1, 0, 1, 1, 1, 1, 1]",5,1,0.005983591079711914,3,1
"[1, 1, 1, 1, 1, 1, 1, 1, 1, 1, 1, 0, 0, 0, -1, 1, -1, 1, 0, 0, -1, -1, -1, 1, 0, 0, -1, -1, 1, 1, 0, 1, 1, 1, 1, 1]",11,26,0.11137604713439941,3,1
"[1, 1, 1, 1, 1, 1, 1, 1, 1, 1, 1, 1, 0, 0, -1, 1, 1, 1, 0, 0, -1, 1, -1, 1, 0, -1, -1, -1, 1, 1, 0, 1, 1, 1, 1, 1]",13,30,0.13771319389343262,3,1
"[1, 1, 1, 1, 1, 1, 1, 1, 1, 1, 1, 1, 0, 1, 1, 1, 1, 1, 0, -1, -1, -1, -1, 1, 0, -1, -1, 1, 1, 1, 0, 1, 1, 1, 1, 1]",30,16,0.10213160514831543,3,1
"[1, 1, 1, 1, 1, 1, 1, 1, 1, 1, 1, 1, 0, 1, 1, 1, 1, 1, 0, -1, 1, -1, -1, 1, -1, -1, -1, 1, 1, 1, 1, 1, 1, 1, 1, 1]",12,2,0.010970354080200195,3,1
"[0, 0, 0, 0, 0, 0, 0, 0, 0, 1, 0, 0, 0, 0, 1, 1, 0, 0, 0, 0, -1, 1, 0, 0, 0, 0, 0, 0, 0, 0, 0, 0, 0, 0, 0, 0]",22,54,0.18542909622192383,3,-1
"[0, 0, 0, 0, 0, 0, 0, 0, 0, 0, 0, 0, 0, 0, 1, -1, 0, 0, 0, 0, -1, 1, 0, 0, 0, 0, 0, 0, 0, 0, 0, 0, 0, 0, 0, 0]",16,45,0.15225887298583984,3,1
"[0, 0, 0, 0, 0, 0, 0, 0, 0, 1, 0, 0, 0, 0, 1, 1, 0, 0, 0, 0, -1, 1, 0, 0, 0, 0, 0, 0, 0, 0, 0, 0, 0, 0, 0, 0]",22,54,0.2174820899963379,3,-1
"[0, 0, 0, 0, 0, 0, 0, 0, 0, 1, 0, 0, 0, 0, 1, 1, 0, 0, 0, 0, -1, 1, -1, 0, 0, 0, 0, 1, 0, 0, 0, 0, 0, 0, 0, 0]",8,65,0.2248377799987793,3,-1
"[0, 0, 0, 0, 0, 0, 0, 0, 0, 0, 0, 0, 0, 0, 1, -1, 0, 0, 0, 0, -1, 1, 0, 0, 0, 0, 0, 0, 0, 0, 0, 0, 0, 0, 0, 0]",16,45,0.14775586128234863,3,1
"[0, 0, 0, 0, 0, 0, 0, 0, 0, 0, 0, 0, 0, 0, 1, 1, 1, 0, 0, 0, -1, 1, 0, 0, 0, 0, 0, 0, 0, 0, 0, 0, 0, 0, 0, 0]",8,44,0.15935468673706055,3,1
"[0, 0, 0, 0, 0, 0, 0, 0, 1, 0, 0, 0, 0, 0, -1, 1, 1, 0, 0, 0, -1, 1, 0, 0, 0, 0, 0, 0, 0, 0, 0, 0, 0, 0, 0, 0]",2,79,0.2678031921386719,3,1
"[0, 0, 1, 0, 0, 0, 0, 0, -1, 0, 0, 0, 0, 0, -1, 1, 1, 0, 0, 0, -1, 1, 0, 0, 0, 0, 0, 0, 0, 0, 0, 0, 0, 0, 0, 0]",17,83,0.28008151054382324,3,1
"[0, 0, 1, 0, 0, 0, 0, 0, -1, 0, 0, 0, 0, 0, -1, -1, -1, 1, 0, 0, -1, 1, 0, 0, 0, 0, 0, 0, 0, 0, 0, 0, 0, 0, 0, 0]",22,44,0.16315793991088867,3,1
"[0, 0, 1, 0, 0, 0, 0, 0, -1, 0, 0, 0, 0, 0, -1, -1, -1, 1, 0, 0, -1, -1, 1, 0, 0, 0, 0, 0, 0, 0, 0, 0, 0, 0, 0, 0]",28,51,0.16262173652648926,3,1
"[0, 0, 1, 0, 0, 0, 0, 0, -1, 0, 0, 0, 0, 0, -1, -1, -1, 1, 0, 0, -1, -1, -1, 0, 0, 0, 0, 0, 1, 0, 0, 0, 0, 0, 0, 0]",35,34,0.12801003456115723,3,1
"[0, 0, 1, 0, 0, 0, 0, 0, -1, 0, 0, 0, 0, 0, -1, -1, -1, 1, 0, 0, -1, -1, -1, 0, 0, 0, 0, 0, -1, 0, 0, 0, 0, 0, 0, 1]",7,60,0.2027573585510254,3,1
"[0, 0, 1, 0, 0, 0, 0, 1, -1, 0, 0, 0, 0, 0, 1, -1, -1, 1, 0, 0, -1, 1, -1, 0, 0, 0, 0, 0, 1, 0, 0, 0, 0, 0, 0, 1]",34,100,0.3679006099700928,3,1
"[0, 0, 1, 0, 0, 0, 0, 1, -1, 0, 0, 0, 0, 0, 1, -1, -1, 1, 0, 0, -1, 1, -1, 0, 0, 0, 0, 0, -1, 0, 0, 0, 0, 0, 1, 1]",0,65,0.2381610870361328,3,1
"[1, 0, 1, 0, 0, 0, 0, -1, -1, 0, 0, 0, 0, 0, -1, -1, -1, 1, 0, 0, -1, -1, -1, 0, 0, 0, 0, 0, -1, 0, 0, 0, 0, 0, 1, 1]",26,78,0.29477691650390625,3,1
"[1, 0, 1, 0, 0, 0, 0, -1, 1, 0, 0, 0, 0, 0, 1, -1, -1, 1, 0, 0, -1, -1, -1, 0, 0, -1, 1, 0, -1, 0, 0, 0, 0, 0, 1, 1]",6,83,0.3187527656555176,3,1
"[0, 0, 0, 0, 0, 0, 0, 0, 0, 1, 0, 0, 0, 0, 1, 1, 0, 0, 0, 0, -1, 1, 0, 0, 0, 0, 0, 0, 0, 0, 0, 0, 0, 0, 0, 0]",22,54,0.19227862358093262,3,-1
"[0, 0, 0, 0, 0, 0, 0, 0, 0, 1, 0, 0, 0, 0, 1, 1, 0, 0, 0, 0, -1, 1, -1, 0, 0, 0, 0, 1, 0, 0, 0, 0, 0, 0, 0, 0]",8,65,0.24885249137878418,3,-1
"[0, 0, 0, 0, 0, 0, 0, 0, -1, 1, 0, 0, 0, 0, 1, -1, 0, 0, 0, 1, 1, 1, -1, 0, 0, 0, 0, 1, 0, 0, 0, 0, 0, 0, 0, 0]",18,117,0.42432737350463867,3,-1
"[0, 0, 0, 0, 0, 0, 0, 0, 0, 0, 0, 0, 0, 0, 1, -1, 0, 0, 0, 0, -1, 1, 0, 0, 0, 0, 0, 0, 0, 0, 0, 0, 0, 0, 0, 0]",16,45,0.1570572853088379,3,1
"[0, 0, 0, 0, 0, 0, 0, 0, 0, 0, 0, 0, 0, 0, 1, 1, 1, 0, 0, 0, -1, 1, 0, 0, 0, 0, 0, 0, 0, 0, 0, 0, 0, 0, 0, 0]",8,44,0.16404271125793457,3,1
"[0, 0, 0, 0, 0, 0, 0, 0, 1, 0, 0, 0, 0, 0, -1, 1, 1, 0, 0, 0, -1, 1, 0, 0, 0, 0, 0, 0, 0, 0, 0, 0, 0, 0, 0, 0]",2,79,0.27200961112976074,3,1
"[0, 0, 1, 0, 0, 0, 0, 0, -1, 0, 0, 0, 0, 0, -1, 1, 1, 0, 0, 0, -1, 1, 0, 0, 0, 0, 0, 0, 0, 0, 0, 0, 0, 0, 0, 0]",17,83,0.2777214050292969,3,1
"[0, 0, 1, 0, 0, 0, 0, 0, -1, 0, 0, 0, 0, 0, -1, -1, -1, 1, 0, 0, -1, 1, 0, 0, 0, 0, 0, 0, 0, 0, 0, 0, 0, 0, 0, 0]",22,44,0.14279460906982422,3,1
"[0, 0, 1, 0, 0, 0, 0, 0, -1, 0, 0, 0, 0, 0, -1, -1, -1, 1, 0, 0, -1, -1, 1, 0, 0, 0, 0, 0, 0, 0, 0, 0, 0, 0, 0, 0]",28,51,0.1920475959777832,3,1
"[0, 0, 1, 0, 0, 0, 0, 0, -1, 0, 0, 0, 0, 0, -1, -1, -1, 1, 0, 0, -1, -1, -1, 0, 0, 0, 0, 0, 1, 0, 0, 0, 0, 0, 0, 0]",35,34,0.1147308349609375,3,1
"[0, 0, 1, 0, 0, 0, 0, 0, -1, 0, 0, 0, 0, 0, -1, -1, -1, 1, 0, 0, -1, -1, -1, 0, 0, 0, 0, 0, -1, 0, 0, 0, 0, 0, 0, 1]",7,60,0.22927403450012207,3,1
"[0, 0, 1, 0, 0, 0, 0, 1, -1, 0, 0, 0, 0, 0, 1, -1, -1, 1, 0, 0, -1, 1, -1, 0, 0, 0, 0, 0, 1, 0, 0, 0, 0, 0, 0, 1]",34,100,0.36714839935302734,3,1
"[0, 0, 1, 0, 0, 0, 0, 1, -1, 0, 0, 0, 0, 0, 1, -1, -1, 1, 0, 0, -1, 1, -1, 0, 0, 0, 0, 0, -1, 0, 0, 0, 0, 0, 1, 1]",0,65,0.24888062477111816,3,1
"[1, 0, 1, 0, 0, 0, 0, -1, -1, 0, 0, 0, 0, 0, -1, -1, -1, 1, 0, 0, -1, -1, -1, 0, 0, 0, 0, 0, -1, 0, 0, 0, 0, 0, 1, 1]",26,78,0.30159616470336914,3,1
"[1, 0, 1, 0, 0, 0, 0, -1, 1, 0, 0, 0, 0, 0, 1, -1, -1, 1, 0, 0, -1, -1, -1, 0, 0, -1, 1, 0, -1, 0, 0, 0, 0, 0, 1, 1]",6,83,0.335984468460083,3,1
"[0, 0, 0, 0, 0, 0, 0, 0, 0, 1, 0, 0, 0, 0, 1, 1, 0, 0, 0, 0, -1, 1, 0, 0, 0, 0, 0, 0, 0, 0, 0, 0, 0, 0, 0, 0]",22,54,0.1775977611541748,3,-1
"[0, 0, 0, 0, 0, 0, 0, 0, 0, 1, 0, 0, 0, 0, 1, 1, 0, 0, 0, 0, 1, -1, -1, 0, 0, 0, 1, 0, 0, 0, 0, 0, 0, 0, 0, 0]",19,85,0.3281872272491455,3,-1
"[0, 0, 0, 0, 0, 0, 0, 0, 0, 1, 0, 0, 0, 0, 1, 1, 0, 0, 0, -1, 1, -1, -1, 0, 0, 1, 1, 0, 0, 0, 0, 0, 0, 0, 0, 0]",3,137,0.5419273376464844,3,-1
"[0, 0, 0, -1, 0, 0, 0, 0, 0, -1, 0, 0, 0, 1, 1, -1, 0, 0, 0, 1, 1, -1, -1, 0, 0, 1, 1, 0, 0, 0, 0, 0, 0, 0, 0, 0]",12,165,0.6319239139556885,3,-1
